ID,Group,Feature_1,Feature_2,Feature_3
ID763,C,2125.539879427358,386.3882339100964,-1748.6731129279628
ID204,C,2902.322078409671,407.39376779807196,-2513.3518109796373
ID734,C,2201.8512319874967,404.0986583151315,-1780.464418233356
ID422,B,2795.2582532950305,400.44582669783705,5585.4265834348325
ID559,C,2379.127140796156,408.90703029379097,-1989.6409893171785
ID432,A,2379.832709642416,420.9758364185763,5031.787760814634
ID337,B,2649.933140567884,400.36141184413265,5302.983383824911
ID347,C,2161.123174313577,404.55713503051163,-1766.336463496796
ID774,C,1893.9409662456374,396.58298219191346,-1519.8802554446197
ID142,B,2737.6202285652575,400.09731293222126,5456.129524857035
ID892,B,2357.6366864190927,407.11963644329956,4697.049975687224
ID898,B,3435.0325027794033,418.07443288299464,6882.474657043697
ID345,B,2776.6372003801566,386.7103797059525,5559.52727475097
ID290,A,2600.486580784376,388.6703706648353,5833.066279171215
ID853,B,2906.684261339123,400.93828434792005,5809.043884391583
ID581,C,2525.717006782667,381.1209269622725,-2129.874156557741
ID602,A,2952.9776053020164,423.01413256906335,6746.886215883727
ID179,A,2817.81592939338,409.02153020787244,6414.3995039964575
ID584,A,2865.619875112815,419.7918475308833,6531.716338630588
ID707,A,2464.288714973738,402.3831661560298,5359.540434567508
ID154,A,2749.4313248358576,367.293821260336,6412.325912794163
ID442,A,2659.4025187606203,392.1551864150811,5991.2657051815
ID849,C,2210.006183347246,401.5438371314147,-1794.1977183818187
ID119,A,2123.5535541660342,383.4904730656009,4472.929370077182
ID790,A,2486.2903326458445,390.73137746679487,5498.747566654147
ID619,C,2569.618830327296,400.69355261558167,-2169.0590622814807
ID488,C,2802.9286758026556,411.3646337151763,-2407.0248444096032
ID554,A,1939.6558862239626,378.9764178344558,3955.561794736306
ID259,A,2361.793451452595,383.5156555200667,5123.972761967008
ID873,B,2148.3008586536844,401.05444800648934,4294.212635734481
ID697,B,2575.2772125646356,380.51525720166546,5145.471736791947
ID701,C,2875.2213790646942,384.87875762321653,-2484.8914164413436
ID416,C,2855.2292194031083,375.7750126489383,-2502.638218318936
ID338,B,2571.9311371654735,391.6945997195068,5144.34451065276
ID224,B,3055.120499813277,408.60239630548557,6117.054736420143
ID227,C,2346.072372621585,390.67380632301115,-1973.1260071061592
ID107,B,2167.939088233373,377.86692430835654,4330.322633853728
ID127,A,2518.6114125486606,393.90125426305445,5565.473683937051
ID309,B,2941.662365159673,409.9127846217385,5864.761261667694
ID477,C,3215.4098730786295,418.70343180339984,-2789.8570811692584
ID655,B,2539.4141145753315,381.3865718591317,5087.787302177542
ID257,A,2819.062214521742,412.42488646180726,6363.726423330281
ID261,C,2243.184125474413,429.08665218408663,-1804.1249555809977
ID181,B,2882.506155607817,392.0691398263693,5765.672614046239
ID313,B,2381.41989286922,392.5131608555925,4738.530691077351
ID141,C,2668.026237981929,410.14700576300584,-2235.4295848448014
ID434,B,2529.5604303676355,412.65677535899727,5030.915154339294
ID757,C,2880.917054144369,396.7040234100538,-2485.6829570117484
ID156,A,2183.2385385659345,371.5678186707688,4689.80277688657
ID893,B,2888.5397948630316,407.4069370902819,5736.8897681006665
ID310,A,2785.007422045548,411.775976049107,6281.007454471375
ID272,B,2427.55183504398,377.69555518385397,4856.727997605485
ID117,B,2376.2731345800257,393.61226475366436,4718.832085578665
ID794,B,2306.3646910358148,408.60902366831016,4609.31464411988
ID459,C,2545.374035814109,411.4597897191812,-2131.453772268459
ID408,A,2636.380751086429,410.9244911878222,5844.101927170872
ID489,A,2993.6324948202855,382.96429690431887,7069.431306564386
ID125,B,2681.7450679761,412.9968044872141,5381.667899609541
ID476,C,2311.4428535154557,396.46220147268934,-1951.3693893407547
ID134,B,2620.730579263486,386.055139413349,5242.284899960477
ID403,A,2575.5632742047205,390.383607176378,5773.441802062916
ID212,C,2092.6986344763177,404.7320214914345,-1662.707707289286
ID878,C,2279.4949851262522,400.8699899826331,-1892.207476115612
ID640,B,2228.142573764137,388.2258971760638,4444.498952597201
ID366,C,2874.7832154955163,397.41629348674377,-2445.1193791776122
ID220,B,2821.0319287280217,399.3503213263022,5630.718503736886
ID710,B,2542.653896677553,413.94493063915166,5081.982424324054
ID616,C,2210.425575387578,391.66084060473196,-1802.5059000038261
ID333,A,2402.0817606184055,415.51954483181987,5151.992315689707
ID547,A,1878.6676519632583,388.8376164676738,3691.8312257837924
ID455,B,2562.2998191406573,405.2597415922975,5127.39675002201
ID534,A,2789.5677316433053,391.53069660371625,6427.151040360168
ID180,C,2104.126444570057,378.6511708541302,-1772.7633342830566
ID254,A,2252.9098713043727,418.97529038079875,4629.459172135759
ID556,A,2836.548601982734,397.26241178248745,6531.63517123868
ID496,A,2340.888449381731,398.281165794879,5031.406765586404
ID176,B,1797.1335634577385,372.5746644696801,3634.099841318676
ID359,B,2773.1378680394982,412.59088374935874,5564.685659555374
ID284,B,2559.833505022746,381.9367950806369,5125.011703016146
ID814,C,2597.098940071903,418.8661179515621,-2184.257511391724
ID226,C,3244.7513368649225,398.9970882692506,-2850.424843767435
ID654,A,2555.598666149988,396.6557196036682,5686.697252479667
ID676,C,2240.7277895982206,392.16988994095925,-1869.5674218228244
ID108,A,2387.3242558181955,380.4571004912312,5255.489181283563
ID698,B,2403.9304839433335,424.99333287786084,4804.318142723643
ID274,A,2133.617579899278,389.8751103310371,4454.830383225234
ID285,B,1894.6794378193167,399.6863765804891,3774.5361334935837
ID208,C,2245.039508194239,434.71080936693767,-1814.968475946659
ID809,C,2962.612813156402,431.6730937513091,-2507.093023035032
ID207,C,2810.1802685034986,390.5850112873235,-2426.967981869815
ID388,B,1957.5524343916595,404.8083408905225,3897.300016139433
ID152,B,2453.131883548284,405.23907831790893,4892.306382568621
ID576,B,3078.211951805866,413.35417529441594,6177.10467343415
ID682,A,2035.6577847479944,421.47565619999693,4013.990599769521
ID214,B,2881.3639434003153,390.3463064014442,5768.950347424116
ID262,C,1950.2556490693069,389.36396937570436,-1567.5290423518588
ID308,B,2349.4180886279673,396.71187051144426,4727.904622374515
ID316,B,2558.143125434044,382.37746679713547,5103.105900040641
ID195,C,1656.7065189790073,390.6204477623091,-1254.1948915498103
ID360,B,2356.7798038547267,383.41132325588353,4746.7639295701
ID132,B,2449.2213194158494,435.14469922440156,4878.95949988741
ID209,A,2513.9057662795326,412.6032427437846,5453.4936329664915
ID399,B,2149.0376110035504,410.29596105900544,4269.625959711777
ID424,A,2486.0517429105576,404.8794997676466,5438.980940556034
ID538,B,2218.8907544196018,428.22309138538134,4425.301024620703
ID193,A,2420.9702843886594,415.5843251258517,5193.520846179589
ID649,A,2650.3747345317192,404.293873174147,5906.997746976053
ID627,B,2928.5605586880665,390.49553221697397,5847.871080480303
ID158,A,2697.960289810548,410.4622009440701,6029.964126613685
ID319,A,2524.6612956053696,361.05257645811,5769.1984650526265
ID764,C,1751.7221852112862,417.2037946396368,-1345.1789178210208
ID161,A,2356.3763513516205,406.6213002023528,5042.890201059046
ID203,B,2325.1800892576666,416.3017058468267,4688.509030918962
ID693,B,2308.6987917038537,402.7914828411942,4579.092373900958
ID264,C,3143.1573049259437,413.63085424341506,-2731.1238765228263
ID509,C,2270.314838014426,392.3002757883351,-1875.3557417885436
ID305,C,2137.1219967758607,393.1501456903838,-1741.8716522377695
ID662,A,2733.077351560485,393.43213040518464,6230.498962675552
ID121,C,2530.9269345832477,404.88649298894444,-2122.8626371285254
ID721,B,2403.763560203196,405.8720688674026,4810.2732673331675
ID692,A,2862.870604393134,414.0293444591571,6505.441651780518
ID405,C,2485.6520875844817,398.138852842865,-2091.688954766633
ID380,C,1866.9315621124222,407.2220509082794,-1465.1258378261614
ID371,C,2553.2858236973816,386.99614237923737,-2153.4726023174408
ID168,A,1515.8888821400485,412.63497991003715,2503.095104179793
ID541,C,2433.2974240398044,384.1955403191122,-2072.173035785195
ID641,C,2640.4295216277014,400.41196821948625,-2226.0470848023
ID382,A,2180.2411316553125,388.8328666713525,4602.521509978655
ID683,B,2635.099926778764,388.89727353173294,5265.957671714804
ID883,C,2562.5088895568306,391.8995200271056,-2138.1301273670288
ID733,A,2342.1272095245067,426.5203119585635,4886.206746016888
ID823,A,2088.3288236529233,404.4034807921212,4225.127919868098
ID766,B,2569.798699083636,377.69659045149535,5122.243824477409
ID571,C,2599.786418896984,394.11729857463547,-2196.7313998683403
ID222,C,2406.0651071693055,369.216126798671,-2049.7251023525
ID788,B,2829.627011542563,418.35199870020267,5650.107818636255
ID128,A,2679.769004599504,419.7678067413008,5947.735441609934
ID233,B,2634.8314555062466,392.7249485550453,5263.970046812221
ID590,A,2102.561008918367,399.57723066687277,4266.736945644658
ID402,A,2229.227996953343,397.7215421853921,4662.250699665355
ID163,B,2658.8295168528625,394.64778644503224,5310.111120172268
ID136,A,2091.6603931144223,417.0164671524591,4199.45957641244
ID318,A,2840.1955489471457,396.8401231164367,6509.966058585548
ID798,C,2320.5862362905523,406.39313484915743,-1940.8607878551852
ID270,B,2054.3303071684677,386.4662166021536,4137.405435131008
ID867,B,2591.219405176515,364.2506260211318,5167.328451961958
ID808,C,2412.1154773399617,397.4583638653983,-1993.3978310462933
ID667,C,2730.164193787986,377.5618765037266,-2360.2589240938123
ID139,B,2333.22028001096,403.1051698581744,4636.140636640873
ID363,A,1969.4664196241206,387.761799385849,3979.1649944357127
ID368,C,2563.2652408563345,392.025677481396,-2170.8745311749963
ID297,A,3032.639307149864,357.0184516179443,7328.900862073314
ID799,C,2771.1721362639882,389.9369359013278,-2382.6178627004183
ID521,A,2314.7062544745077,407.06952461685876,4879.673458971524
ID803,A,2447.1965663123683,383.36551109651447,5419.267474636566
ID563,B,2389.1438661651323,385.1860613475906,4779.8950218227665
ID583,C,2175.106439696582,394.4362542694006,-1783.1721215476177
ID105,C,2242.577256137284,401.0670220741099,-1832.387289265722
ID532,B,2427.3120103269844,393.45298808343233,4831.553987928216
ID450,C,2833.875533718625,423.645918834357,-2400.2223265351163
ID384,C,2677.7087532816117,401.39524007650954,-2269.2717681598533
ID516,C,2111.9185218460275,397.1187264215514,-1727.1434283347442
ID266,B,3108.3653316777054,393.7865101858781,6242.574624132193
ID395,A,2293.974658192695,418.69190214419285,4816.370713923617
ID536,C,2337.7548274646488,413.555435418433,-1878.942356215169
ID498,A,2130.2064411282977,398.4681782419368,4417.044260407827
ID191,C,2280.7852873731317,392.7392588825881,-1892.1074177224552
ID897,C,2419.74769197956,389.95715917252045,-2026.3929020048593
ID508,A,2395.199398891238,404.5001172269484,5146.129076865432
ID630,B,2028.2568584606493,394.98196860462093,4054.8796160555767
ID787,B,2810.687620580448,404.42866409248967,5599.610898448167
ID370,B,2783.780893261876,425.0316889083572,5549.026699431
ID753,C,2840.231463180412,400.24486337421973,-2457.9192529075394
ID106,B,2440.5715766423973,400.7700222378046,4871.385526510739
ID393,C,2803.8916235440793,375.3263100045822,-2423.4529962061247
ID216,C,1958.8220037335698,396.2475302087003,-1567.0280900391565
ID659,A,2939.697184505441,369.30671726710256,6985.269556934033
ID482,B,2554.316944594888,407.244623067289,5130.450822973872
ID301,C,2462.5553767818146,415.8456037553456,-2041.575390936256
ID404,B,1963.2126260519724,422.9967899058553,3942.9754989760017
ID593,C,2566.517212292411,418.84833023702134,-2131.0866063617127
ID801,C,2884.185392385799,399.9837591440755,-2482.8971311347937
ID548,C,1939.09274974382,393.8208645443772,-1552.495734507807
ID413,A,2269.557925725955,381.4024278450603,4907.818166283674
ID545,C,2730.9654781185754,403.16054226954094,-2330.774522091794
ID852,A,2476.7014649015537,411.1412683051724,5380.114664316814
ID804,A,2709.2046011518933,385.55569475729675,6211.635177425567
ID665,A,2047.2557024981859,390.38511530489683,4170.880153257933
ID560,B,2756.2789014157124,399.1599673367002,5518.530939502859
ID325,A,2435.090217280756,402.7227405899623,5273.759404921122
ID589,A,2888.566416983175,410.1493030393197,6626.213536541885
ID240,A,2990.1094420554173,387.128856302459,7026.588288152066
ID696,A,2938.6116642491133,391.5165071278809,6845.27305774925
ID228,B,2656.4258831904085,411.4390079662553,5316.599718455891
ID300,A,1965.1445994525675,374.01728893950275,4031.9053185831294
ID230,C,3053.3940130811193,411.49125756561716,-2635.165039103219
ID731,B,2853.1220867103316,412.0268527153667,5680.243853436814
ID578,A,2783.9785487850695,406.3818870876465,6298.1469607575555
ID724,B,2833.445306176026,436.06706583989694,5679.426111953643
ID454,C,2147.4807095235037,400.6560143147337,-1740.8063465616897
ID642,C,2285.189795914002,411.1917081927765,-1864.3164862526419
ID869,A,2269.9137850448456,390.02252995392234,4865.034548890533
ID231,B,2094.577681319382,393.8349757526972,4176.601917026057
ID670,C,2324.6218171398455,410.318640013736,-1892.1875450916605
ID624,B,2745.186677763319,374.5654046462255,5518.624883803016
ID537,A,2859.761407164104,416.02972050537034,6494.028916757851
ID249,A,2870.2412311226153,393.7587352549301,6652.253050007993
ID845,B,2810.627524919073,403.88503112202176,5622.498180756396
ID469,B,2695.3717921952784,421.10453646844724,5405.472577988882
ID468,A,2549.574616147559,427.92916007166053,5505.714602562565
ID244,C,2255.3629265131212,409.5217906222576,-1854.689424180641
ID585,C,2776.689005056291,393.13758651499853,-2396.9753954950393
ID304,B,2839.4331933242825,404.03553745890576,5677.6577871286245
ID704,C,1937.1262659143204,434.63167987312454,-1493.6937008831494
ID863,B,2621.7400204450514,384.64335503620157,5234.947168656473
ID410,B,2595.5211203607373,381.9065138118919,5183.080847917747
ID324,C,2989.2427732561446,383.9641419785242,-2578.364253838259
ID857,C,2819.913048677522,378.0455737617602,-2398.162764846328
ID381,C,2720.837706775632,400.09376063779445,-2318.385382591871
ID298,A,2655.507722760127,399.5516177824556,5985.998621967739
ID574,B,2494.6412414715805,416.8778472375541,4989.524814712146
ID265,B,2090.6872340868476,404.54802508318943,4190.343338776804
ID481,B,2786.8160829345334,405.88651123590785,5566.375055572937
ID618,A,2313.26273731446,384.3089251183601,5022.974248199616
ID595,A,2647.1733299204166,383.87763650657075,6015.301361570387
ID278,B,2616.9313884415574,377.82330885491365,5229.664434545389
ID666,A,2016.4828198576972,383.41952339164175,4151.173276181564
ID479,B,2487.195946363701,392.9859199964587,4983.729188528709
ID286,A,2251.3745081976695,409.4127179875908,4690.7455751511625
ID524,B,2025.7820940903403,381.90268244740236,4065.8653989354316
ID201,B,2796.6737768162693,411.32748704611487,5600.476906618341
ID334,C,2598.331463134076,405.13079445345045,-2217.925286548134
ID506,C,2666.524986138015,398.4045661276493,-2273.4165467496573
ID848,C,2962.250770913134,412.65789983484495,-2530.342507600668
ID751,B,2753.8103239533457,395.0525473252695,5477.15911672057
ID669,C,2582.180125084698,388.9988782601609,-2197.5615849724154
ID544,C,1972.6866697892772,370.3708015945725,-1608.5587413943142
ID626,B,2276.0012078706263,415.14649184020817,4540.223592769409
ID875,B,2114.611169795109,401.0905877925421,4223.321616633089
ID346,B,2058.5583883125078,421.0330378381948,4126.672417023823
ID287,B,2267.0765723749982,395.7938176572995,4513.2864076933965
ID187,A,2008.6569735639841,406.2523319334042,3967.6847029274345
ID722,A,2245.9434081659465,396.30479075588846,4760.52985610246
ID441,A,2822.3118872855266,395.8382917119386,6489.304772216189
ID587,B,2367.9779007376164,372.7829667309252,4746.130061400123
ID664,C,2486.2769481836667,400.05843002840106,-2081.4462945511364
ID307,C,2813.7249386918943,384.22871764980226,-2416.524785402338
ID269,A,2559.9959149900114,393.8100776669946,5683.862432586013
ID251,C,1966.9884275720601,408.33492065855603,-1543.1709314742648
ID546,A,2548.9724555026696,374.6261095415526,5778.345022648674
ID604,A,2899.983494888844,375.66141201076096,6781.559125182675
ID394,B,2427.3158340578107,405.3803629905347,4866.238011470159
ID694,B,1920.7653177415168,401.8031695364115,3829.6863772279376
ID126,C,2557.638436926809,417.61203916535936,-2117.503971378664
ID836,B,2488.5514272310647,398.0437043081341,5005.124287364781
ID400,B,3049.4925866288477,374.78833265888704,6099.8459416595915
ID433,A,2519.723538356842,418.9255296624253,5445.730131105049
ID383,A,2546.1619512514053,394.67804995844756,5644.910241499565
ID769,B,2551.140401131429,390.73660350306056,5120.594549897975
ID375,A,2722.784904316581,397.8060790986312,6173.7287913653745
ID336,A,2620.804278999259,391.34901704887335,5870.960912387668
ID838,B,2345.2589427954913,389.0600936441275,4707.182376153211
ID114,B,2932.1147305424197,413.47140180841325,5867.059785925024
ID755,B,2740.8863278765602,379.3884669666176,5506.420010455939
ID607,B,2158.018123391126,422.40805248663355,4301.766630077674
ID812,C,2903.415332280358,374.767391904952,-2521.4857137928093
ID160,C,2645.9806628984015,410.8234023272534,-2258.217953793017
ID861,C,2741.6751672952337,385.81005604929385,-2343.6157747899397
ID279,A,2070.7148896638573,419.30468173214393,4110.173152786934
ID173,B,2711.5865952024674,401.27152930869437,5419.324306357206
ID706,C,2676.0061927691077,408.80152302897534,-2243.8018097866475
ID242,A,2897.727085042828,387.4474895154148,6762.690992796995
ID341,A,2622.7895153482605,389.09212418852735,5926.258086391868
ID526,C,2750.790322970688,394.1517211024059,-2338.340299639794
ID540,B,2227.3548064446218,383.9727593730733,4469.974233267378
ID421,C,2400.097276936386,420.7818415109676,-1960.8057384438616
ID565,C,2233.9705263047117,415.76104732463256,-1852.7632914344792
ID725,C,2834.531742400732,385.56321190853856,-2458.255715000757
ID783,C,2680.91485959559,402.85718020480033,-2284.9064853662835
ID503,C,2412.4989811813048,402.4986814469061,-2004.9425471891561
ID854,C,2623.6138650507214,394.484219951839,-2221.090971637138
ID840,C,2222.323369716405,370.5647999033982,-1858.8676080439875
ID367,B,2787.860297272165,402.7398856479287,5594.910523777351
ID647,C,2272.0975061688623,398.7401792496854,-1903.7070819861713
ID789,A,2212.615259779709,400.8392690972879,4635.575855926636
ID711,C,2400.4451495765925,368.9839112550809,-2036.5790384372638
ID573,A,2486.5606803125697,395.677530039158,5473.236869305049
ID116,A,2726.776818610099,430.5022820970221,6016.905994552685
ID613,B,2484.7566493753966,408.92679012631436,4986.65432533919
ID598,A,2309.5197720142105,386.1500156558253,5007.443980142899
ID467,C,2413.1961502113586,389.27579745951095,-2022.3077707617929
ID866,B,2151.660263309123,387.0322439414378,4314.994101749887
ID542,A,2264.6584738763845,394.31346581273226,4816.480926387225
ID608,C,2218.6523018393796,411.86786607422323,-1790.4682256407145
ID513,A,2924.926126604743,394.1383666155738,6796.40330810437
ID397,B,2432.8997869778,416.7743388012433,4862.884243609866
ID811,B,2828.343127273092,411.08494226090943,5663.670623440893
ID614,B,2602.892401148815,419.13010196067694,5223.41827180266
ID673,C,2433.9273381940648,405.8396473967426,-2062.6371905573237
ID351,A,2409.525159708544,418.60758138257665,5164.378310491387
ID871,C,2315.459253305201,389.8400008265383,-1940.206847004802
ID418,A,2778.9723009373274,415.63905719713995,6257.222608652317
ID543,B,2434.3893978411634,410.1592536523944,4888.9199786441295
ID660,C,2261.858050151091,411.12792298664857,-1821.6415357512792
ID328,A,2589.9017885751405,377.29270692336576,5897.812617357029
ID103,B,2248.5212851240635,426.79917237865044,4481.578513497036
ID686,A,2563.329198281297,405.40849830228547,5630.557762570233
ID557,A,3163.2247107044363,390.3187644405172,7542.248645110668
ID889,A,2680.1954704510376,401.254511943666,6026.912192435175
ID322,C,2801.3451584142686,422.7934432801183,-2409.7983447580855
ID312,B,2159.671148718869,377.82884378562113,4354.603393871601
ID464,C,2304.066873557632,402.5092265809617,-1898.3203395805804
ID446,C,2541.269790817079,396.2024758067546,-2141.7288526253406
ID431,C,2032.10210574461,420.13074193735093,-1637.7980514789492
ID294,C,2892.6486118641255,399.46467452293973,-2477.055105488039
ID332,C,2466.689755074202,405.06832529164456,-2024.4524376373718
ID348,B,2605.447215671768,403.0930343964902,5202.419562711497
ID609,B,2494.573233390437,418.2752509305178,4989.08153736215
ID412,A,2230.2867782069598,394.2764858883015,4707.071880509092
ID611,C,2109.8485886589187,401.8579302057989,-1695.7352446548064
ID219,B,2795.4322342823884,380.6536989776792,5605.237564743023
ID171,C,1909.7051982178698,399.0918015176788,-1549.8800537817822
ID834,A,2460.226088317679,392.90580935275,5425.092130310406
ID688,C,2426.2724778476086,421.51484248602475,-2015.6908111155199
ID392,A,2235.0698229296054,410.78480386131133,4650.5270133408285
ID182,B,2340.6013085086233,407.18562967379904,4672.754011824648
ID597,C,3043.0529803355935,398.2732202663305,-2640.954084619781
ID465,C,1926.974425124893,396.50488036741905,-1549.2609460854983
ID713,B,2251.614732092206,389.95388119537125,4473.563636537674
ID377,A,2395.83794573171,398.75388076768013,5191.165050100349
ID256,B,2332.855417913087,391.34327908175516,4632.93672127833
ID856,B,2279.605495860898,393.5834824203435,4530.465888772594
ID514,A,2734.851534426793,374.3002976164689,6329.698966512638
ID653,A,1815.7039849366242,385.34626956431555,3518.716564812489
ID210,B,2124.9612415188903,401.97184861728215,4260.737937869802
ID350,A,2701.1413312636914,395.1116878186398,6149.266991891036
ID217,C,2857.011378747034,411.15772581272915,-2431.724654331802
ID146,C,2349.6566155277324,389.708847662567,-1972.2346581196828
ID234,A,2388.34925555059,392.2613499674942,5197.059497868132
ID462,C,2280.972735728309,416.5157347068019,-1862.9559615527257
ID444,C,2387.64904109783,404.9828126387111,-1968.3548328653264
ID440,B,2975.2882453110365,405.01142520242684,5934.063291562548
ID625,C,2756.977330702711,378.7432531540282,-2373.2260396163647
ID505,C,2220.35971045795,389.5619992219767,-1856.540090300367
ID115,C,2649.380716552541,400.23141037751645,-2222.2834553569523
ID658,C,2700.9774122901526,395.5674484649131,-2304.4679369195082
ID507,C,2340.244807675254,400.50629072403916,-1966.8605579125085
ID894,B,2623.7034205673326,388.2433028597738,5242.8068984803795
ID599,B,2887.3943995704944,401.7743696501208,5770.502924369865
ID874,C,2255.938075834998,406.1857363273148,-1875.2347641716342
ID635,B,2373.0417048686472,408.6349927972076,4735.395782202541
ID443,A,2369.852241800575,390.17278998833683,5161.452517222656
ID355,B,2024.2658713947417,414.8318587845308,4060.5492356027494
ID797,C,2292.1621614483056,419.4676227916641,-1862.1514264002544
ID572,C,2809.0193593645445,383.82272784290416,-2421.651481792189
ID745,B,2819.349970998873,413.639645481598,5649.505200181862
ID586,A,2987.358361434065,408.0218262767239,6914.110729391846
ID656,B,2347.899915648232,424.08530734970344,4712.314608515568
ID837,C,2201.849851462857,404.9720563763121,-1808.589199674878
ID767,B,2817.6808136038953,396.0672742065576,5629.282067329546
ID651,A,2974.3005688984877,408.42177945498423,6879.912095227883
ID582,C,2395.873815553699,401.9283568486392,-1985.4119915565561
ID770,A,2663.923118950512,418.3336452767086,5894.6802455257675
ID888,B,2445.5020360333056,395.7602079381759,4879.422901437523
ID215,C,2547.031751762248,427.38429055532384,-2117.0014351775494
ID723,A,2217.447247984604,401.852336215364,4635.316801131915
ID784,B,2310.4469619498077,424.97901594664796,4604.575016395326
ID610,B,2614.8647882623727,386.29506334754217,5226.836272766036
ID887,A,2356.3255398511033,383.8013710751499,5130.140539772913
ID232,B,2595.0720726753752,428.92350891658236,5211.746657826046
ID530,A,2290.4839479771326,412.19144154290336,4786.222505112029
ID493,C,2713.39855064307,396.3589403360634,-2310.5080318703226
ID271,C,2212.644681691152,395.4480087260934,-1805.5897245216247
ID291,A,2323.8738012068775,385.5825901192096,5042.597464966373
ID646,C,3022.441077849505,414.72415005904804,-2602.466656904474
ID792,B,2277.312503847211,384.89560314754146,4555.458405315038
ID623,C,2018.0509019482524,404.1807832315736,-1620.3641271838922
ID588,C,2519.089993305822,402.3140013940989,-2095.2762742358727
ID241,A,2367.273233958781,411.70703340368357,5046.918973121189
ID281,B,2193.3118241928073,418.8839489167265,4355.992182425684
ID414,A,2464.8689541401463,431.098350037861,5238.029120633733
ID376,A,2115.753665311697,401.1125814047344,4321.085197199056
ID519,B,2403.266030290479,419.53168777825954,4795.307316369852
ID343,A,2376.8827842102846,395.5653436669635,5166.519187121851
ID795,C,2749.974741354244,390.7902596581882,-2373.5657237296186
ID785,A,2619.7754108714075,405.0817541001115,5801.387608408466
ID452,C,2786.5849732488414,388.822167312128,-2410.4743997461546
ID822,A,2330.720360593971,396.44637829709563,5003.884555132985
ID172,C,2825.019846776522,399.59859389581237,-2425.384933978451
ID831,C,2852.4779499235246,383.2991490919858,-2457.1316911358367
ID166,C,2270.440097654547,391.6005050965917,-1885.1617957203273
ID484,B,2353.324223194125,418.63125612996123,4712.364285108628
ID681,B,2880.377847912514,412.22935357221183,5776.63588220156
ID170,B,2470.316801068675,397.90136702062847,4942.692868520859
ID213,C,2031.078704408165,412.7414131854304,-1615.2057126801399
ID638,C,2464.716880503551,410.3625412914482,-2029.7486029563202
ID773,B,2221.5869150717167,382.6216125310316,4434.453741191792
ID621,A,2918.3112201608938,400.25311627258037,6776.950179679287
ID303,A,2879.093297701974,382.60223367889495,6743.531156476086
ID276,A,2741.6083605992208,374.0045330435076,6390.58692630888
ID200,A,1862.6184930372651,408.13381434159555,3543.9745508950186
ID292,A,2906.484662227554,414.5627970027366,6646.709030410376
ID791,B,2721.806899961655,416.5193263393197,5448.241916827847
ID772,B,2305.2926309645886,409.8681422864679,4625.368397785807
ID275,B,2885.682293514208,399.97422374676387,5815.578108374033
ID631,C,2378.228470024062,398.84211376922417,-1989.0627594029154
ID732,A,2365.3136640055704,392.2159102974363,5120.952732348048
ID771,A,2328.803144120809,412.3266215129411,4909.506261240123
ID407,A,2426.9411062088566,382.52758079248366,5342.637379215926
ID435,A,2130.6591428273737,414.3008351768389,4332.85818556435
ID157,C,2630.7769840839305,413.1247345849257,-2230.687322389356
ID374,A,2686.842486494096,391.7348066010887,6101.736214637157
ID353,C,2700.6126081276666,432.34997358811194,-2255.5553562558284
ID730,A,2437.6903616704903,396.51862417664205,5325.322537603702
ID828,B,2760.6760736301417,415.662789286317,5504.706614074302
ID860,C,2194.7386839483534,382.284920305479,-1822.7342386972618
ID255,B,2812.323846185284,390.256342090313,5617.584939808709
ID779,C,2569.4441632195744,406.55536687837287,-2172.286310856606
ID720,C,2372.5317520278704,405.2852056360354,-1982.7682470327381
ID747,B,2437.629034544912,396.7648305526909,4893.433843483723
ID555,B,2522.53740814491,394.5425261271818,5054.565118290789
ID283,A,2750.8225662773357,398.5465947865567,6266.085304190195
ID622,C,2475.7535762176994,407.42371439672564,-2079.5528161966417
ID415,B,2272.9554013852685,375.13317804074535,4558.612772290121
ID864,B,2578.8415092253686,390.93689711315085,5158.523669156914
ID357,A,2420.5107365109893,420.71135904425523,5157.581780036111
ID196,A,2655.5618856452447,419.8619220619216,5873.892960928283
ID311,C,2397.991020088806,392.70188978837234,-2008.2425857003368
ID406,B,2529.872492249168,381.640342918965,5080.835815923985
ID330,C,2625.1399966096646,413.19957138949917,-2182.9859190490693
ID825,C,2752.3540888951466,369.9084565557279,-2388.0851350076446
ID636,B,2358.503916112791,391.9660808180405,4701.284894325958
ID323,A,2717.561089681324,398.12744598633697,6143.562891178481
ID101,A,2664.564240374343,388.24504608629724,6051.361470397451
ID810,B,2557.428656074418,410.2836831103551,5124.582925024001
ID453,B,2280.166617733601,421.4536147734221,4560.997542204503
ID143,C,1991.109806015827,395.016470298186,-1588.1814969938766
ID675,A,2339.0841536730827,409.60597477164066,4958.021496570888
ID110,B,2486.5575501750623,403.89354957510136,4959.2700823116065
ID793,A,2953.6300319000466,381.65383268446874,6946.702813275714
ID807,A,2628.710079038206,404.0040376450647,5875.720084268395
ID768,B,2855.557197574823,405.50885716507315,5716.857095870129
ID603,C,2706.127760316519,403.9332544055571,-2336.6641268193466
ID687,C,2745.526380427296,404.1364297837915,-2343.1169582597713
ID178,B,2585.851611401877,433.1050650766921,5169.28315096886
ID485,C,2199.9173217337184,416.61213697029984,-1778.2832331494872
ID138,A,2299.9811656253637,407.0582559165733,4860.676335574942
ID551,B,2555.482708577308,404.01007787597155,5122.1786797222385
ID778,C,3106.2609210014202,413.0262610678917,-2680.3769680347095
ID147,B,2780.0932299397077,390.0457001348545,5559.335799655791
ID695,B,2686.986196645567,383.32484517728903,5383.310435250287
ID842,A,2577.0919959642742,415.1441349412462,5665.581047480656
ID580,C,2546.936656875799,386.34836827785534,-2155.023052588345
ID149,C,2237.309623234541,394.0864975952994,-1864.9622232765305
ID354,A,2324.055466796622,408.7937588906349,4947.200515263919
ID569,C,2099.216972926877,420.6196713012276,-1672.3205179146287
ID564,C,2353.1287472823847,407.80240318632195,-1958.84695217497
ID473,C,2334.989940534929,386.0183485388625,-1950.9802598943145
ID461,A,2628.777949213188,423.0959614527497,5755.205957208117
ID758,C,2298.447609838263,387.3919207023869,-1897.7356973539754
ID533,B,2724.347622303497,381.2539376109804,5462.490437421839
ID629,A,2426.561734677515,401.3044583483877,5262.889882259457
ID417,A,3040.474234264045,414.5690060904505,7031.983661841356
ID296,B,1926.2383960738102,396.2226241899361,3883.4404959253584
ID327,C,2680.259838867835,443.1633441277656,-2217.5991480108655
ID458,C,2835.9541586509185,411.96400087678666,-2441.2377701636165
ID329,B,2253.250612499708,411.82715323601917,4487.507568568398
ID420,B,2384.789648481116,401.7447926548236,4771.616256746353
ID752,B,2445.8133574863887,391.97192337428896,4907.703542269984
ID677,A,2817.867921301624,378.54942783918955,6539.258968637488
ID486,B,2937.480657304211,397.23958328901506,5864.688397723114
ID289,B,2889.095233013613,394.4055034576811,5768.103343170096
ID819,A,2187.968934232982,381.24699079637355,4667.264577033606
ID830,C,2173.1464299228546,419.49253389020384,-1781.165929451843
ID527,A,2356.722412193115,415.86187707713077,5002.14037354666
ID858,C,2213.189833011834,385.73050350269136,-1824.6816440199475
ID153,C,2476.4133574026732,395.77864216104143,-2093.685673210421
ID899,A,2509.927336175325,416.1085759052282,5437.948558284363
ID246,A,2702.872293920017,405.0879760140061,6085.36120351918
ID243,B,2552.7132085290386,409.9938677773817,5098.272363247827
ID570,B,2496.4511305699434,410.3419607870296,4973.588876116733
ID562,B,1610.388290875515,399.99498300496555,3232.216454680834
ID478,A,2098.8693423644568,394.6692136528805,4328.821663564735
ID663,A,2213.3209965958386,397.7193434808134,4652.816215857066
ID302,B,2760.9034864456053,354.6270014213384,5537.561903572734
ID617,C,2366.9257022070783,401.25616282314525,-1972.305670773713
ID591,B,2605.7913757256288,415.5744974116307,5194.647166140129
ID717,C,2535.272677865504,385.13960020100444,-2114.258430807625
ID500,B,2657.5755089560657,391.827991633799,5296.339523485298
ID645,B,2251.4703229526963,394.3934122848996,4527.427569539634
ID531,C,2715.7728533222485,411.394441150011,-2306.5106678243355
ID190,C,2970.391735706582,409.663726199306,-2553.998240595881
ID727,A,2792.768046028107,410.2048876172785,6326.130865724185
ID876,C,2539.188317957832,394.5074584685919,-2169.1925652476525
ID248,A,1904.3312288585385,381.14485518731783,3817.3088442603507
ID685,A,2684.3201864508073,434.2114364622555,5885.820760103932
ID398,B,2560.8738076143195,398.65376172070415,5117.495963973794
ID691,C,2783.1720842672585,434.2616904476336,-2367.307102459476
ID847,C,2555.4145104712516,382.73061299050954,-2146.330518183829
ID895,A,2285.0012109217796,389.458913662537,4945.4039919591805
ID501,C,2450.718748200693,376.1252348830536,-2059.5722988890134
ID714,B,2450.1030537281163,405.54572146661957,4883.578510273232
ID737,B,2702.053626666271,398.3568056844447,5401.624345171385
ID594,A,2723.8310131693056,388.33958053004204,6229.7205829477725
ID365,C,2342.6476945099985,389.5563605670035,-1939.2410460078736
ID427,C,2431.1104320963,409.78123792149063,-2019.080186968643
ID782,C,2474.3829423945517,426.2390080370034,-2034.3843831363868
ID716,A,2456.0243083062464,398.72352000330045,5384.495290087951
ID344,A,2405.4466828050968,407.5718823567432,5172.840325018272
ID715,C,2744.679979204048,397.53887628370956,-2340.247187819701
ID824,C,2388.190658153831,413.03043551915925,-1976.7302587534296
ID144,B,2606.26856846757,372.1679907084333,5213.718965607037
ID806,A,2596.01030915538,402.47362249220004,5768.180441010485
ID263,A,2934.9904219580594,426.56173118566784,6666.122668555855
ID293,B,2725.920889597891,399.76525147220747,5429.509185840002
ID832,A,2582.3482850908626,380.1397927539523,5839.27402154504
ID451,B,1942.2623463465409,407.57470907653,3888.025867593752
ID776,C,2224.0676593048424,399.52809761098956,-1834.2229688580423
ID475,A,2752.7577194822197,401.76021289956515,6251.201163772879
ID238,C,2233.503382141551,416.3623576405535,-1813.2762958949857
ID456,C,2065.552171934263,417.92162758014933,-1629.7516128424536
ID553,A,2826.8890755645807,389.640216928909,6514.623186101525
ID833,A,2269.589785394117,418.70945405331514,4718.862626513496
ID671,A,2277.53700140263,423.2525598259018,4721.352676975671
ID205,A,2675.220446366661,401.59212683323653,6055.816327027471
ID140,C,2764.9873645918115,378.2684370622381,-2377.892400642466
ID463,B,2039.0265545449026,397.1797509575045,4085.392547953643
ID851,B,3118.9115018057937,412.3316980010837,6237.741790472299
ID362,B,2651.9661278044323,391.60397303384514,5289.155518845176
ID282,A,1998.8875619400176,414.0060834441015,3941.0639721716425
ID504,C,2357.4604025511444,389.39233762463175,-1993.4032395050735
ID295,B,2360.0228601303456,433.4834354625951,4705.14579428963
ID637,C,2535.180802894702,411.26588383130144,-2122.453223851798
ID877,B,2218.887514518386,421.26559773502674,4433.208677971359
ID841,C,2789.6628559710293,393.12712987864273,-2390.6281470835625
ID223,B,2285.183315875548,424.76186872586504,4563.594890971109
ID802,A,2611.061659158927,406.70522528729265,5812.884947504284
ID245,C,2587.887745295675,382.337594272312,-2196.090013445616
ID445,C,2559.011252604177,406.0042174240809,-2124.128185925276
ID741,C,1989.5289260887605,394.1860301848897,-1585.6068725717143
ID299,A,2563.2225879123744,407.1492171022651,5633.3356107195395
ID457,B,2623.8142915571784,417.28299056531745,5271.005969264323
ID529,A,3101.8278304361647,399.96538200056153,7274.802284229597
ID620,B,2612.231170409484,422.13887271360176,5229.0716770397
ID183,A,2509.975177066276,387.08849125716006,5610.487860228443
ID211,A,2333.246291095254,404.81519358893024,4961.512297914571
ID577,C,2327.2496926188996,386.3046060067223,-1896.446382018044
ID643,C,2871.355717365987,403.29854036422927,-2481.1305682206594
ID568,C,2630.5172106741966,414.53591893345134,-2242.5715405577953
ID805,A,2990.3044536547527,402.6285851855581,6949.556331686069
ID672,B,2421.534130312338,385.5315018575131,4822.167811543753
ID342,C,2426.128722300419,396.30464850970094,-2017.7928290915168
ID390,C,2568.5667748918318,381.88949847728554,-2197.6811006380694
ID648,C,2957.8634496003615,377.2575042666239,-2577.4934659519695
ID891,B,2228.47928272881,427.4456036234443,4472.9314073694495
ID229,C,2560.1157382537845,399.49927172077247,-2173.1873943660225
ID470,A,2438.0565485756188,413.6048804004543,5262.323756886356
ID749,A,2501.374532867873,387.5315550828655,5567.55465332048
ID113,B,2390.90273002864,417.4683576775412,4786.218663959965
ID661,A,2506.0266548291092,385.86682717011627,5591.7336070394895
ID879,B,2043.8223034318203,393.99830458906655,4096.500379959448
ID678,B,2111.170026130846,413.6746427300171,4222.304237914127
ID615,A,2689.7993954994295,372.02639020051106,6229.217348520123
ID552,B,1941.3544753820552,412.42368568811946,3918.3470734943635
ID439,C,2627.744315841119,401.0112570160994,-2215.5093421751703
ID448,B,2208.450306246014,387.9742601991312,4421.030140018675
ID859,A,2435.262646794689,409.06484256369754,5265.390475727944
ID150,B,2459.8210444142555,391.63310299540177,4915.084207490626
ID601,C,2842.382092736281,393.96904337736504,-2427.5114520326956
ID148,B,1966.8906096496596,401.34980520485175,3910.506836906678
ID796,B,1964.9182826053998,397.7255102518941,3923.1687412673623
ID199,B,2516.3095085114774,402.21950610618484,5037.974324727324
ID225,A,2611.3973155195313,422.8891596873313,5717.738526385049
ID314,B,2813.7622655732966,390.1120231717174,5634.029698291807
ID120,C,2193.753980505649,423.72135762101533,-1753.8801469765551
ID729,A,2460.44983062146,417.8842945660175,5290.760969430711
ID709,A,2516.275023498301,441.00067784922135,5333.223014501545
ID372,C,2369.308175656808,400.50218249932806,-1965.3601122390287
ID510,C,2567.005326374071,400.23109927971393,-2153.415610011383
ID449,A,2729.9010413467645,381.51813386033734,6284.350482310321
ID679,B,2261.790388065222,396.47571152463,4477.060951679853
ID250,C,2624.099147384036,392.7424240226511,-2220.8426853548744
ID703,A,2577.0056291199817,387.4939538853091,5760.424070227959
ID846,C,2790.0487373885962,388.49089556058726,-2413.4465804489114
ID886,A,2535.921905084496,401.827661097251,5599.838466237972
ID235,B,1894.1910614313488,407.86791308313053,3779.6896447005734
ID890,C,2386.651506509585,395.77334895526985,-1976.917061706711
ID762,A,2403.491296904089,439.7763693567397,5000.022231622304
ID786,C,2432.940567395749,405.0934422453971,-2017.3567060010064
ID880,A,2956.7670536542055,414.29000781397724,6780.001772174535
ID850,B,2784.5457807773337,401.07285997732254,5572.3768805642185
ID202,A,2883.7043484588785,377.7556190969234,6787.0214751261865
ID520,A,3232.7198887393815,375.65503883794753,7814.097400941557
ID881,A,2465.37693809951,391.9553672184557,5448.754658629645
ID237,A,2553.323043769717,420.9405043999717,5595.1417518685175
ID700,A,2781.50163291323,375.84887289833944,6439.2744534967915
ID517,C,2150.8746873294294,409.05188740753186,-1751.788902261724
ID109,B,2371.587886020571,423.9213798497026,4746.20290809858
ID326,B,2638.210258570284,407.2980720555225,5276.971545176101
ID436,C,2622.750672392029,413.7201215837429,-2202.5984733923974
ID760,A,2951.3018153565854,390.24340619649377,6905.38655152455
ID252,B,2509.9309403161287,425.702985365329,4985.264145155096
ID821,A,2468.2804312436256,422.78091706379575,5283.595751769035
ID896,B,2409.9568925016283,372.45224333167283,4817.98735017403
ID373,C,2777.491922082091,393.7422338409613,-2392.802257676412
ID472,B,2579.479867638587,404.69409102356315,5169.916937390937
ID186,B,2925.876528274942,391.6972423585388,5848.385105044034
ID815,C,1755.6444628110482,411.1058240018341,-1368.1052079712063
ID719,A,3014.196059235412,370.62343264367234,7183.231602088193
ID352,B,2786.0045489469776,394.2935372643314,5574.753423454728
ID826,C,2490.7902356858554,409.33687094644483,-2066.5353889006483
ID145,B,2286.6564097461815,429.11072288904086,4543.390954800681
ID680,B,2495.462743067808,402.8688943654256,4976.633729791873
ID756,C,2425.405047431461,386.9075192836038,-2053.2460115197687
ID575,A,2483.9784410009543,376.5054133946175,5563.252809733361
ID515,C,2797.7370915825513,389.12018021149726,-2400.5295202757475
ID155,A,2791.0339398883107,407.2681396925646,6335.119454405078
ID844,B,2803.203650484477,376.0938171624432,5622.95067960222
ID491,C,2301.677264961131,395.9125018134743,-1899.6564935899953
ID754,B,2503.613479384575,398.71452674759524,5014.998312691007
ID561,C,1990.9409360642803,397.8860999370691,-1548.8868726260544
ID423,A,2777.120733256919,395.54177177130333,6367.661810483907
ID389,C,2224.2159020881772,387.36497176304334,-1856.958771811225
ID684,C,1955.2908168415108,399.00829778018715,-1564.4183390456624
ID480,C,2541.722931460631,414.5663488398878,-2171.350967614336
ID188,C,2067.824817654805,357.839798369544,-1712.7501298797124
ID800,A,2609.9084905916,397.5026759703183,5846.876479315197
ID817,C,2768.637294971667,408.42212830334546,-2378.3272676248116
ID781,B,2289.743022613568,381.0139988072164,4565.462942627682
ID335,B,2347.4680946849185,393.01867288284916,4670.965083026725
ID744,C,2312.3253699661577,390.25239578571865,-1911.519004561582
ID339,B,2425.8766901593244,386.4003300291191,4866.542361668727
ID868,A,2661.304928832123,411.9025604113125,5955.933144270606
ID702,B,2143.122852027676,401.61090860177643,4279.3283267585175
ID579,A,2575.0954503232574,401.9897328269149,5687.045099053278
ID135,A,2758.7251413653958,379.83518799605736,6363.165408928058
ID750,C,2420.742625483112,394.63437575862446,-2013.9135016615023
ID523,A,3040.5612982617595,405.22833685874735,7092.456189868187
ID102,C,2642.31992070664,412.15748758169434,-2229.255155453193
ID652,B,2040.3466115560057,424.4048801453075,4073.2063987292654
ID633,C,2177.564328879943,424.43314775114203,-1742.8130701912903
ID884,A,1579.3248368800582,390.6476845985416,2783.6394302620542
ID321,C,2488.875253558735,369.5885148653524,-2102.335792117745
ID689,B,1867.8916415543297,394.7425045559146,3723.258378160204
ID549,A,2085.5981343088706,414.36701170719954,4186.151833460378
ID474,C,2295.622288704303,371.39594551880896,-1915.4378211933092
ID430,B,2548.8561807383207,400.22873206355445,5097.259228383546
ID340,B,2599.9608443382513,395.45315503086823,5201.643170678785
ID827,A,2522.240172787503,403.9462814247128,5525.348202871128
ID705,B,2405.1093271417,385.3590283528603,4810.681943433304
ID865,C,2582.8442410561474,405.52429951253225,-2177.671302219545
ID174,C,2370.310675250925,421.78821168827966,-1950.9634744117657
ID131,C,2322.6883331798113,403.6187070881862,-1973.1797741563837
ID639,C,2144.4961625066703,384.4923221222997,-1726.5493092389167
ID267,B,3027.7944714256414,400.5238664419429,6066.689862902047
ID487,B,2720.7868421872627,395.42339311186936,5441.943866613797
ID512,B,2848.8546705782655,407.2155098964861,5685.383960024413
ID492,A,2382.084911130752,406.6182357931315,5121.992317348506
ID385,C,1950.7403192786658,368.33410050125985,-1576.1631263078216
ID499,C,2648.138830693609,391.9190791371711,-2302.386140668844
ID558,B,2646.5413305554766,428.30224297435274,5312.355047145882
ID185,A,2487.399777988449,401.6750645842001,5464.923883233443
ID268,B,2486.84915894245,390.46445904934876,5001.683357326211
ID718,A,2492.446621780356,407.3306224350278,5433.9316966266215
ID502,B,1969.6400094565674,416.64649554277946,3931.9253584766893
ID236,A,2416.1909267606966,406.6865125229765,5220.731310155693
ID167,C,2412.6986905864037,400.7150635342271,-1995.1152508841242
ID194,A,2884.8834696470994,389.8362076884158,6718.476333273703
ID165,A,2304.572976324284,381.56060951692564,4999.551145946374
ID320,B,2553.3934246122126,413.24636266277776,5106.314186123847
ID726,C,2254.177337809923,410.7267644430326,-1840.2105353921243
ID280,A,2552.2365282285878,396.4842349149539,5658.249760881233
ID198,A,2807.2718178665277,408.2748599023331,6415.642852725489
ID592,C,2547.826004285888,401.52838711840894,-2152.2734217214747
ID369,C,2178.3040420529887,421.3620995604146,-1789.6221801360398
ID712,B,2400.2014668338147,383.9977525828676,4799.043402341137
ID124,A,2261.833956173102,408.6885091107148,4745.8475258761455
ID253,C,2218.3749650045384,381.3441194472208,-1836.7288945565529
ID129,B,2604.8652141681528,429.2080071162952,5219.742793505012
ID606,C,2475.912977333845,405.2995533365081,-2085.330549734374
ID331,C,2335.694376955964,363.85973520840264,-1955.0378641081284
ID885,C,2107.798715475471,406.954216051125,-1757.4282903613607
ID632,A,2334.292453061901,392.5680010082092,5044.348728043123
ID743,C,2785.882984326091,396.71166250788673,-2394.9052571164234
ID761,A,2694.142172698636,416.7562854307879,6017.248356198409
ID349,B,2691.169300510409,391.75494711665516,5394.75599811449
ID378,C,2230.755074406884,391.0352915037511,-1833.804384225922
ID438,B,2732.787915528154,381.28113899410295,5473.58149516055
ID306,C,3015.646268740345,411.5171190597682,-2560.2591672833955
ID550,B,2353.044340229121,396.4060333897452,4720.4032959568185
ID566,C,2686.42254010588,394.22821038185,-2299.406581336079
ID386,A,2459.718497978825,451.59610848417856,5159.631289914831
ID735,C,2769.602406983334,436.3636637894372,-2331.460101586712
ID471,C,2258.287943952629,411.6023235510272,-1852.2571312254656
ID690,B,1898.0078221863005,395.2355606424869,3804.674208281029
ID813,A,2127.6949560671774,438.8688588457249,4183.651101907191
ID104,A,2208.420951032553,388.478574982186,4695.055953830682
ID206,B,2637.150785610861,411.86954754486527,5265.107954007509
ID511,B,2572.795904429548,390.10737544291254,5181.343180630426
ID151,A,2684.631788892424,399.2159565562428,6064.988460568145
ID387,C,2550.880863792555,389.73206641131276,-2163.6924154322014
ID738,A,1423.0748987268123,422.0276511188571,2174.9182433967844
ID111,A,2281.495705267592,399.1436060462851,4832.4997767074665
ID288,B,2398.6027569942075,401.8976652420677,4778.448683761089
ID273,B,2680.005031873015,391.2628831539784,5364.68848634205
ID409,A,2904.432585246929,397.9858850246569,6680.8965860729595
ID426,C,2325.2679774841804,422.24781553298175,-1890.0166087547943
ID396,B,2562.524579012636,382.208300650046,5113.966010762075
ID634,B,2238.706806882554,401.85054293019385,4464.491353270216
ID746,A,2826.973156496073,389.91566901436215,6546.124765577923
ID775,B,1843.3335573053407,387.7307786346438,3716.120735958703
ID657,A,2168.0354936564804,409.5341309501391,4434.503127660005
ID882,C,2754.9210515418004,388.8106032285105,-2377.2808553573036
ID130,C,1878.5415054543005,391.04680575777417,-1474.828918224498
ID872,C,2711.2261011266846,401.5802618715371,-2307.698038104614
ID628,A,1953.9725071717767,409.03968807646424,3819.213545896587
ID164,A,2429.682233074714,406.43945381397685,5246.515677132596
ID494,A,2726.8183260468804,385.7126545124067,6263.785352856374
ID674,A,2636.1919005716413,392.298316335458,5953.6205325970595
ID189,B,2481.5885226636847,419.42937550605814,4981.705476555579
ID668,A,2440.248224694824,391.7732762045742,5351.846308835956
ID567,A,2637.4004474129592,413.3382296649813,5880.61017836163
ID699,B,2268.9680127169095,399.46555008630145,4551.971399860216
ID870,B,2344.8249143755584,390.0600460865054,4704.400591597102
ID490,C,3125.0195335012295,363.43798241982665,-2725.7924293485953
ID495,B,2562.2213117165493,410.2086731091364,5121.3994850387935
ID525,A,2618.0549991355615,413.06674294573475,5783.297584434168
ID839,C,2531.718465430414,395.55044392956415,-2145.131119934739
ID401,B,2508.2810729375124,386.80065646751063,5001.6321328499
ID535,C,1860.4706463032444,405.3704463605625,-1437.6707293866266
ID739,B,2432.519745424098,398.96417250049893,4882.2714850597595
ID829,A,2414.6020133258353,413.3921848688284,5190.444355793852
ID612,B,2610.8588257713445,416.4465965484627,5214.289931109333
ID356,A,2201.041840111324,387.7440324522443,4650.229680132127
ID118,A,2513.8533084216433,405.1847057747119,5514.881841816247
ID742,A,2279.8415959348495,407.5424007309587,4776.2356146918555
ID260,B,2625.3188699274097,394.3230790177276,5277.684424455706
ID460,A,2685.419413519141,413.70053838483034,5992.139799790294
ID315,C,2972.0376796672003,378.1899619939092,-2601.115948473781
ID483,B,2596.105601065445,379.5474294372276,5193.754175075791
ID605,A,2387.5684611334073,393.3866607724963,5190.438160743406
ID162,C,2624.6234645680347,417.22234376197935,-2210.5190799567404
ID780,B,2661.758969557662,383.7699246663099,5316.087537957249
ID708,A,2509.628927417835,381.26914292841883,5644.043507754957
ID361,B,2334.7676466243797,387.6514589841143,4672.11287289025
ID759,B,2602.0250718734915,418.87113132841824,5190.250530602854
ID820,B,2587.782383766681,385.9711027078432,5194.393596771279
ID736,C,2763.69148512423,409.2860497135309,-2368.5245407207153
ID748,A,2017.510233460103,382.8160785949458,4168.930791104232
ID650,B,2367.7682990976546,410.0498348344591,4726.119858533107
ID777,C,2590.5164012261052,414.57620374674974,-2167.2884343365035
ID644,A,2388.338350862801,366.0347381489099,5335.081934573915
ID816,A,2422.8605605985576,380.12452122497956,5383.03703639124
ID497,B,2740.186528604373,384.6940108984705,5481.020289246908
ID425,B,2335.1036813279893,403.5220243809549,4658.439492792762
ID437,A,2609.756519434174,403.08117200121217,5809.628181630415
ID122,B,2667.4697537612187,394.0260496949323,5345.051805896366
ID192,A,2304.964816937787,399.49770704862834,4892.0557538428775
ID522,B,2652.1450675399333,399.26104903340513,5273.481319018281
ID197,C,2352.905665574116,378.7620778714523,-1968.118518055206
ID428,C,2500.043406170105,398.8800286282656,-2096.5654518724514
ID843,B,2162.697486514021,388.0584746261985,4309.869239987825
ID466,B,2416.2851163133914,393.51934531978543,4829.751024677637
ID358,B,2504.6711408021156,383.57524275456524,4997.420959348302
ID429,C,2590.0543418628376,386.6456925903453,-2200.6287144585876
ID277,B,2279.9464554580127,417.63467109837717,4569.819242460561
ID133,B,2012.7283889484977,407.9298877434226,4018.3208277552126
ID159,A,2117.173329561131,383.8345277457332,4390.0411721298215
ID818,C,2162.9848744933765,379.72597097632877,-1811.3327044719265
ID247,A,2256.7653250411227,381.81981054296614,4863.07372511392
ID518,B,1962.580743748154,413.2155984842184,3918.6584443807046
ID728,A,3047.4230752726194,424.8235271265328,6993.725307830854
ID177,B,2616.1528498679772,421.9315361616868,5225.501640590351
ID539,A,2352.126080812879,399.66582158932573,5050.525667094945
ID835,B,2348.7802037137776,399.66153424909555,4679.051298969676
ID317,A,2117.279612129585,382.5811398549076,4470.956211385301
ID258,B,2592.7476822005883,360.59788914049517,5192.196365990165
ID855,B,2248.5510353719646,396.0777853134344,4489.909349060132
ID900,A,2284.1798062748817,367.99027576979256,4973.37899936002
ID239,A,2212.7458164220943,409.4270714671136,4576.6897671695615
ID169,A,2250.7407954827677,396.26056406404416,4750.7068512744345
ID740,A,1953.0577076146174,424.20765287384495,3734.2153701216275
ID137,A,2750.1277369383274,416.6691773750644,6147.94072131954
ID765,A,2605.6171110062255,379.2305887660661,5941.058609764585
ID862,C,2469.7212888563276,389.61543683072995,-2105.4002206910045
ID419,B,2448.9791513135056,408.0342826007724,4896.493244290863
ID221,C,2405.641259228708,396.5101656657932,-2036.7878195937858
ID391,A,2521.8609140475746,393.8068196603319,5600.066867954723
ID218,A,2686.3360105140637,397.5365706523927,6041.341919816425
ID112,A,2026.4171221644892,402.8084246017229,4055.585111301721
ID596,A,2755.0140626770067,390.96111425485987,6306.301779833275
ID175,A,2156.2455301066175,384.6541276853101,4548.6700767175325
ID123,A,3321.1932551746386,383.33754714422724,8082.698123856517
ID447,B,2142.247383119201,382.8450580439314,4279.679991032518
ID411,A,2604.4251832880855,366.89423955528144,5964.276166461141
ID184,A,2684.255284824955,373.91209686546716,6143.525271042143
ID364,A,2367.051210170505,391.2978321540117,5124.34675715106
ID600,B,2691.399535558231,403.58026341991155,5375.929246477263
ID528,C,2073.4326990532136,388.94062594585307,-1671.1970706387317
ID379,A,2437.8273246540793,417.2752798389736,5226.4426309596265
